8,9502-AR3DPENE,Arena3DPlayer(Node-locked)
8,9502-AR3DPENF,Arena3DPlayer(Concurrent)
8,9502-ARBEENE,ArenaBasicEdition(Node-locked)
8,9502-ARCCENE,ArenaContactCenter(Node-locked)
8,9502-ARCCENF,ArenaContactCenter(Concurrent)
8,9502-ARCCTENE,ArenaContactCenterTemplate(Node-locked)
8,9502-ARCCTENF,ArenaContactCenterTemplate(Concurrent)
8,9502-ARESENE,ArenaEnterpriseSuite(Node-locked)
8,9502-ARESENF,ArenaEnterpriseSuite(Concurrent)
8,9502-ARES1TENF,1-YrLeaseEnterpriseSuite10User(Concurrent)
8,9502-ARES30TENF,30-DayRentalEnterpriseSuite1User(Concurrent)
8,9502-ARFAENE,ArenaFactoryAnalyzer(Node-locked)
8,9502-ARFAENF,ArenaFactoryAnalyzer(Concurrent)
8,9502-ARFA1TENF,1-YrLeaseFactoryAnalyzer10User(Concurrent)
8,9502-ARPEENE,ArenaProfessionalEdition(Node-locked)
8,9502-ARPEENF,ArenaProfessionalEdition(Concurrent)
8,9502-ARPE1TENF,1-YrLeaseProfessionalEdition10User(Concurrent)
8,9502-ARPEDLENF,ArenaEnterpriseEditionEducationalLabPackage(Concurrent)
8,9502-ARSBENE,ArenaSmallBusinessEdition(Node-locked)
8,9502-AROPTQENE,ArenaOptQuest(Node-locked)
8,9502-ARPTENE,ArenaPackagingTemplate(Node-locked)
8,9502-ARPTENF,ArenaPackagingTemplate(Concurrent)
8,9502-ARRN1ENE,ArenaRuntime(Single)
8,9502-ARRNMENF,ArenaRuntime(Multiple)
8,9502-ARRTENE,ArenaRealTime(Node-locked)
8,9502-ARRTENF,ArenaRealTime(Concurrent)
9,9355-RSLETENE,RSLinxEnterprise
9,9355-WABSNENE,RSLinxClassicSingleNode
9,9355-WABOEMENE,"RSLinxClassicOEM,CD"
9,9355-WABGWENE,"RSLinxClassicGateway,CD"
9,9326-LGXARCHENE,RSLogixArchitect
9,9324-RLM0100ENE,RSLogixMicroStarter
9,9324-RLM0800ENE,RSLogixMicroDeveloper
10,9324-RL5700NXENE,RSLogix5ProfessionalEditionOffline/OnlineProgramming
10,9324-RL5300ENE,RSLogix5StandardEditionOffline/OnlineProgramming
10,9310-WE5200E,RSLogixEmulate5PLC-5ProcessorEmulation
10,9324-RL5350ENE,RSLogix5/RSLogixEmulate5Bundle
10,9324-RL5300ENF,RSLogix5StandardConcurrent(English)
10,9324-RL0700NXENE,RSLogix500ProfessionalEditionOffline/OnlineProgramming
10,9324-RL0300ENE,RSLogix500StandardOffline/OnlineProgramming
10,9324-RL0100ENE,RSLogix500StarterOffline/OnlineProgramming
10,9310-WE0200E,RSLogixEmulate500™SLC500ProcessorEmulation
10,9324-RL0350ENE,RSLogix500/RSLogixEmulate500Bundle
10,9324-RL0300NXENE,RSLogix500/RSNetWorxforControlNetandDeviceNetBundle
10,9324-RL0300ENF,RSLogix500StandardEditionConcurrent
10,9324-RL0100ENF,RSLogix500StarterEditionConcurrent
11,9324-RLD700NXENE,RSLogix5000ProfessionalEdition
11,9324-RLD700NXENF,RSLogix5000ProfessionalEdition(concurrent)
11,9324-RLD300ENE,RSLogix5000StandardOffline/OnlineProgramming
11,9324-RLD300ENF,RSLogix5000StandardOffline/OnlineProgramming(concurrent)
11,9324-RLD300NXENE,"RSLogix5000/RSNetWorxforControlNet,DeviceNetandEtherNet/IPBundle"
11,9324-RLD600ENE,RSLogix5000FullEdition
11,9324-RLD600ENF,RSLogix5000FullEdition(concurrent)
11,9324-RLD200ENE,RSLogix5000MiniEdition
12,9324-RLD000ENE,RSLogix5000ServiceEdition
12,9324-RLD250ENE,RSLogix5000LiteEdition
12,9324-RLDFBDENE,RSLogix5000FBDEditorOption(FunctionBlockDiagramEditor)
12,9324-RLDSFCE,RSLOGIX5000SequentialFunctionChartOption
12,9324-RLDSTXE,RSLOGIX5000StructuredTextOption
12,9324-RLDFZYENE,RSLOGIX5000FuzzyDesignerOption
12,9324-RLDGLXE,RSLOGIX5000GuardLogixSafetyEditor
12,9324-RLDMLPE,"RSLogix5000Multi-LanguagePackOption(FBD,SFC,ST)"
12,9323-ATUNEENE,LoopTunerforLogix5000PIDEFunctionBlock
12,9310-WED200ENE,RSLogixEmulate5000™ProcessorEmulation–NodeLocked
12,9324-RLDAPCENE,RSLogix5000APCConfig.withoneControllerLicense
12,9324-RLDAPCCLENE,RSLogix5000APCadditionalControllerLicense
12,9324-RL5300NXENE,"RSLogix5w/RSNetWorxforControlNet,DeviceNet,EtherNet/IPBundle"
12,9324-RLC300ENE,"RSLogix5/500StandardProgrammingBundle,CD"
12,9324-RLC300ENF,"RSLogix5/500StandardProgrammingBundle,CDConcurrent"
12,9324-RLC700NXENE,"RSLogix5/RSLogix500ProfessionalProgrammingBundle,CD"
12,9324-RLT300ENE,"RSLogix5/500/5000w/RSNetWorxforCnet,Dnet&Enet"
13,9324-RLC350ENE,"RSLogix5/RSLogix500/RSLogixEmulate5/RSLogixEmulate500Bundle,CD"
13,9324-RL5300NXENE,RSLogix5/RSNetWorxforControlNetandDeviceNetBundle
13,9324-RL0300NXENE,"RSLogix500/RSNetWorxforControlNet,DeviceNetandEtherNet/IPBundle"
13,9357-DNETL3,RSNetWorxforDeviceNet
13,9357-CNETL3,RSNetWorxforControlNet
13,9357-ENETL3,RSNetWorxforEtherNet/IP
13,9357-ANETL3,"RSNetWorxforControlNet,DeviceNet,andEtherNet/IP"
13,9324-RL5300NXENE,RSLogix5/RSNetWorxforControlNetandDeviceNetBundle
13,9324-RLD300NXENE,"RSLogix5000/RSNetWorxforEtherNet/IP,ControlNetandDeviceNetBundle"
13,9324-RL0300NXENE,RSLogix500/RSNetWorxforControlNetBundle
14,9323-1003ENE,RSTuneStandardEdition
14,9323-TRL1303ENE,RSTune/RSLinxBundle
14,9323-LOOP01ENE,RSLoopOptimizer
14,9323-ATUNEENE,LoopTunerforLogix5000PIDEFunctionBlock
14,9323-LOOP02ENE,RSLoopOptimizer/RSLinxProfessionalBundle
14,9308-RSFB64ENE,RSFieldbus64FBBaseConfigurationSoftware
14,9308-RSFB256ENE,RSFieldbus256FBBaseConfigurationSoftware
14,9308-RSFB1024ENE,RSFieldbus1024FBBaseConfigurationSoftware
16,9358-FTB01ENE,FactoryTalkBatch–1Unit
16,9358-FTB03ENE,FactoryTalkBatch–3Units
16,9358-FTB10ENE,FactoryTalkBatch–10Units
16,9358-FTB30ENE,FactoryTalkBatch–30Units
16,9358-FTB60ENE,FactoryTalkBatch–60Units
16,9358-FTBKY01ENE,FactoryTalkBatchBack-upKey–1Unit
16,9358-FTBKY03ENE,FactoryTalkBatchBack-upKey–3Units
16,9358-FTBKY10ENE,FactoryTalkBatchBack-upKey–10Units
16,9358-FTBKY30ENE,FactoryTalkBatchBack-upKey–30Units
16,9358-FTBKY60ENE,FactoryTalkBatchBack-upKey–60Units
17,9358-BHIST01ENE,"FactoryTalkHistorianClassicforBatch,3Units"
17,9358-BHIST02ENE,"FactoryTalkHistorianClassicforBatch,1BatchServer"
17,9358-BHIST03ENE,"FactoryTalkHistorianClassicforBatch,1-3BatchServer"
17,9505-RSADVCL,FactoryTalkProductionCentreUserLicense(Concurrent)
17,9505-RSADVCLQ10,"FactoryTalkProductionCentreUniversalConcurrentUserLicense,10-24"
17,9505-RSADVCLQ25,"FactoryTalkProductionCentreUniversalConcurrentUserLicense,25-49"
17,9505-RSADVCLQ50,"FactoryTalkProductionCentreUniversalConcurrentUserLicense,50-100"
17,9505-RSADVCLQ100,"FactoryTalkProductionCentreUniversalConcurrentUserLicense,100-249"
17,9505-RSADVCLQ250,"FactoryTalkProductionCentreUniversalConcurrentUserLicense,250&Up"
17,9505-RSADVSOQ,FactoryTalkProductionCentreShopOperations&Quality
17,9505-RSADVSM,FactoryTalkProductionCentreSupplierManagement
17,9505-RSADVCCH,FactoryTalkProductionCentreCAPA&ComplaintHandling
17,9505-RSADVCLCCH,FactoryTalkProductionCentreCAPA&ComplaintHandling–Stand-aloneConcurrent
17,9505-RSADVRMA,FactoryTalkProductionCentreRMAManagement&Repair (Concurrent)
17,9505-RSADVECO,FactoryTalkProductionCentreADD-ON:ECOManager
17,9505-RSADVOPCT,FactoryTalkProductionCentreADD-ON:OperatorCertification
17,9505-RSADVSOAP,FactoryTalkProductionCentreWebServicesSDK
17,9505-RSADVKNHC,FactoryTalkProductionCentreHubconnect
17,9505-RSADVKNODS,FactoryTalkProductionCentreODS&HistoricalTransfer
17,9505-RSADVKNETL,FactoryTalkProductionCentreAnalyticalDataMart&ETL
18,9505-RSADVKNCR,FactoryTalkProductionCentreUniverse&Reports
18,9505-FTPCEX,FactoryTalkProductionCentreExpressEditionPlatformServer
18,9505-FTPCACT,FactoryTalkProductionCentreApplicationFrameworkSDK
18,9505-FTPCJBOSS,FactoryTalkProductionCentreEnt.EDI-JBOSS
18,9505-FTPCWEBL,FactoryTalkProductionCentreEnt.EDI-WEBLOGIC
18,9505-FTPCWEBS,FactoryTalkProductionCentreEnt.EDI-WEBSPHERE
18,9505-FTPCOPDE,FactoryTalkProductionCentreReportDesign
18,9505-RSADVSUPT6,"FactoryTalkProductionCentreSystemSupport(6A-6P,PST,M-F)"
18,9505-RSADVSUPT24,FactoryTalkProductionCentreSystemSupport(24/7/365)
18,9505-RSADVSUPT8,"FactoryTalkProductionCentreSystemSupport(8A-5P,M-F)"
18,9358-SCHENE,FactoryTalkSchedulerProfessionalEdition
18,9358-SCHVWENE,FactoryTalkSchedulerViewer
18,9358-SCHSTDENE,FactoryTalkSchedulerStandardEdition
20,9355-OPS2350LENE,FactoryTalkGatewayStation5000w/RSLinxEnterprise
20,9355-OPD2300LENE,FactoryTalkGatewayDistributed1500w/RSLinxEnterprise
20,9355-OPD2350LENE,FactoryTalkGatewayDistributed5000w/RSLinxEnterprise
20,9355-OPD2400LENE,FactoryTalkGatewayDistributed32000w/RSLinxEnterprise
20,9355-OPD2500LENE,FactoryTalkGatewayDistributed70000w/RSLinxEnterprise
21,9518-HSERA500,FactoryTalkHistorianSiteEditionServer–500RockwellDataPoints
21,9518-HSERA1K,"FactoryTalkHistorianSiteEditionServer–1,000RockwellDataPoints"
21,9518-HSERA2K5,"FactoryTalkHistorianSiteEditionServer–2,500RockwellDataPoints"
21,9518-HSERA5K,"FactoryTalkHistorianSiteEditionServer–5,000RockwellDataPoints"
21,9518-HSERA10K,"FactoryTalkHistorianSiteEditionServer–10,000RockwellDataPoints"
21,9518-HSERA20K,"FactoryTalkHistorianSiteEditionServer–20,000RockwellDataPoints"
21,9518-HSERA50K,"FactoryTalkHistorianSiteEditionServer–50,000RockwellDataPoints"
21,9518-HSERA100K,"FactoryTalkHistorianSiteEditionServer–100,000RockwellDataPoints"
21,9518-HSE3RD500,FactoryTalkHistorianSiteEditionServer–5003rd-PartyDataPoints
21,9518-HSE3RD1K,"FactoryTalkHistorianSiteEditionServer–1,0003rd-PartyDataPoints"
21,9518-HSE3RD2K5,"FactoryTalkHistorianSiteEditionServer–2,5003rd-PartyDataPoints"
21,9518-HSE3RD5K,"FactoryTalkHistorianSiteEditionServer–5,0003rd-PartyDataPoints"
21,9518-HSE3RD10K,"FactoryTalkHistorianSiteEditionServer–10,0003rd-PartyDataPoints"
21,9518-HSE3RD20K,"FactoryTalkHistorianSiteEditionServer–20,0003rd-PartyDataPoints"
21,9518-HSE3RD50K,"FactoryTalkHistorianSiteEditionServer–50,0003rd-PartyDataPoints"
21,9518-HSE3RD100K,"FactoryTalkHistorianSiteEditionServer–100,0003rd-PartyDataPoints"
21,9518-HCLNTENF,FactoryTalkHistorianClientLicenseforFactoryTalkViewSE
21,9518-HPBENE,FactoryTalkHistorianProcessBookAuthoringClient–SingleUser
21,9518-HPBENF,FactoryTalkHistorianProcessBookAuthoringClient–Concurrent
21,9518-HDLENE,FactoryTalkHistorianDataLinkExcelReportingTool–SingleUser
21,9518-HDLENF,FactoryTalkHistorianDataLinkExcelReportingTool–Concurrent
21,9518-HINOPCAE,HistorianInterfaceforOPCAlarmandEvents–mediaonly
21,9518-HINOPCHDA,HistorianInterfaceforOPCHDA–mediaonly
21,9518-HINOPCXML,HistorianInterfaceforOPCXMLplug-in–mediaonly
21,9518-HINRELDB,HistorianInterfaceforODBC–mediaonly
21,9518-HINDDE,HistorianInterfaceforDDE–mediaonly
21,9518-HINFTP,HistorianInterfaceforFTP–mediaonly
21,9518-HINTCP,HistorianInterfaceforTCPResponse–mediaonly
21,9518-HINTRACE,HistorianInterfaceforTraceRouteResponse–mediaonly
21,9518-HINHTML,HistorianInterfaceforHTML–mediaonly
21,9518-HINXML,HistorianInterfaceforXML–mediaonly
21,9518-HINXMLHTTP,HistorianInterfaceforHTTPXML–mediaonly
21,9518-HINXMLFILE,HistorianInterfaceforFileReaderXMLplug-in–mediaonly
22,9518-HINBATFILE,HistorianInterfaceforBatchFiles–mediaonly
22,9518-HINUNIFILE,HistorianInterfaceforUniversalFileLoader–mediaonly
22,9518-HINWINEVT,HistorianInterfaceforMSWindowsEventFile–mediaonly
22,9518-HINDNP3,HistorianInterfaceforDNP3.0–mediaonly
22,9518-HINFFT,HistorianInterfaceforFourierTransformations–mediaonly
22,9518-HINPERFMON,HistorianInterfaceforHistorianPerformanceMonitor–mediaonly
22,9518-HINEPLC,HistorianInterfaceforModbusEthernet–mediaonly
22,9518-HINMPLC,HistorianInterfaceforModbus/ModbusPlusPLC–mediaonly
22,9518-HINABBIMS,HistorianInterfaceforABBIMSAdvant–mediaonly
22,9518-HINABBPDL,HistorianInterfaceforABBIMSAdvantPDL–mediaonly
22,9518-HINABBPBS,HistorianInterfaceforABBProcontrolPforPBS–mediaonly
22,9518-HINCITECH,HistorianInterfaceforCitech–mediaonly
22,9518-HINFOXBORO,HistorianInterfaceforFoxboroAW70Series–-mediaonly
22,9518-HINGECIMPL,HistorianInterfaceforGECimplicity–mediaonly
22,9518-HINGEEPIC,HistorianInterfaceforGEEPIC–mediaonly
22,9518-HINGEPAC4K,HistorianInterfaceforGEPAC4010/4020–mediaonly
22,9518-HINHONPHD,HistorianInterfaceforHoneywellPHD–mediaonly
22,9518-HINHONSC3K,HistorianInterfaceforHoneywellScan3000–mediaonly
22,9518-HINSIEMPCS,HistorianInterfaceforSiemensPCS–mediaonly
22,9518-HINSIEMS5,HistorianInterfaceforSiemensSimatecNetS5–mediaonly
22,9518-HINSIEMS7,HistorianInterfaceforSiemensSimatecNetS7–mediaonly
22,9518-HINASPEN,HistorianInterfaceforAspenTechCIM-IOClient–mediaonly
22,9518-HINIFIX,HistorianInterfaceforIntellutionFIX(FIX32/iFIX)–mediaonly
22,9518-HININTOUCH,HistorianInterfaceforWonderwareInTouch–mediaonly
22,9358-HSTS2100,FactoryTalkHistorianClassicServer–150ReportingTagLimit
22,9358-HSTS2200,FactoryTalkHistorianClassicServer–300ReportingTagLimit
22,9358-HSTS2300,"FactoryTalkHistorianClassicServer–1,500ReportingTagLimit"
22,9358-HSTS2350,"FactoryTalkHistorianClassicServer–5,000ReportingTagLimit"
22,9358-HSTS2375,"FactoryTalkHistorianClassicServer–15,000ReportingTagLimit"
22,9358-HSTS2400,"FactoryTalkHistorianClassicServer–32,000ReportingTagLimit"
22,9358-HSTS2500,"FactoryTalkHistorianClassicServer–70,000ReportingTagLimit"
23,9358-HSTATH,FactoryTalkHistorianClassicSingleUserAuthoringClient
23,9358-BIZ1C0PENE,FactoryTalkMetrics/FactoryTalkHistorianClassic
23,9358-BIZUC0PENE,FactoryTalkMetrics/FactoryTalkHistorianClassicUnlimited-User
23,9358-BIZUC1PENE,FactoryTalkMetrics/FactoryTalkHistorianClassicUnlimited-User
23,9358-BIZUC2PENE,FactoryTalkMetrics/FactoryTalkHistorianClassicUnlimited-User
23,9358-BIZUC4PENE,FactoryTalkMetrics/FactoryTalkHistorianClassicUnlimited-User
24,9507-FTINTCORENE,FactoryTalkIntegrator
24,9507-FTINTACPENE,FactoryTalkIntegratorAdapterCapacityPk
24,9507-FTINTISLENE,FactoryTalkIntegrator-IntegrationScenarioLibrary
25,9356-PRO2100,FactoryTalkTransactionManagerProfessionalVersionwith150TagLimit
25,9356-PRO2200,FactoryTalkTransactionManagerProfessionalVersionwith300TagLimit
25,9356-PRO2300,FactoryTalkTransactionManagerProfessionalVersionwith1500TagLimit
25,9356-PRO2350,FactoryTalkTransactionManagerProfessionalVersionwith5000TagLimit
25,9356-PRO2450,"FactoryTalkTransactionManagerProfessionalVersionwith32,000TagLimit"
25,9356-PRO2500,"FactoryTalkTransactionManagerProfessionalVersionwith70,000TagLimit"
25,9356-STD2100,FactoryTalkTransactionManagerStandardVersionwith150TagLimit
25,9356-STD2200,FactoryTalkTransactionManagerStandardVersionwith300TagLimit
25,9356-STD2300,FactoryTalkTransactionManagerStandardVersionwith1500TagLimit
25,9356-STD2350,FactoryTalkTransactionManagerStandardVersionwith5000TagLimit
25,9356-SQLCOMPLS,FactoryTalkTransactionManagerCOM+Connector
26,9358-EP03ENE,RSBizWareeProcedure–3Units
26,9358-EP10ENE,RSBizWareeProcedure–10Units
26,9358-EP30ENE,RSBizWareeProcedure–30Units
26,9358-EP60ENE,RSBizWareeProcedure–60Units
26,9358-EPBKY03ENE,RSBizWareeProcedureBackupKey3Unit
26,9358-EPBKY10ENE,RSBizWareeProcedureBackupKey10Unit
26,9358-EPBKY30ENE,RSBizWareeProcedureBackupKey30Unit
26,9358-EPBKY60ENE,RSBizWareeProcedureBackupKey60Unit
28,9515-ASTSRVRENE,FactoryTalkAssetCentreServer
28,9515-ASTCAP0025E,FactoryTalkAssetCentre25additionalassets
28,9515-ASTCAP0100E,FactoryTalkAssetCentre100additionalassets
28,9515-ASTCAP0500E,FactoryTalkAssetCentre500additionalassets
28,9515-ASTCAP1000E,FactoryTalkAssetCentre1000additionalassets
28,9515-ASTCAP5000E,FactoryTalkAssetCentre5000additionalassets
28,9515-ASTCAPSITE,FactoryTalkAssetCentreAssetCapacitySiteLicense
28,9515-ASTDRROKENE,FactoryTalkAssetCentreDisasterRecoveryforRockwellAutomation
28,9515-ASTDRFNCENE,FactoryTalkAssetCentreDisasterRecoveryforFanucRobot
28,9515-ASTDRMTNENE,FactoryTalkAssetCentreDisasterRecoveryforMotomanRobot
28,9515ASTPRDCFENE,FactoryTalkAssetCentreProcessDeviceConfiguration
28,9515ASTCLMANENE,FactoryTalkAssetCentreCalibrationManagement
28,9515ASTCLWRKENE,FactoryTalkAssetCentreCalibrationManagementRemoteWorkstation
28,9515ASTCLFLKENE,FactoryTalkAssetCentreCalibrationManagementFLUKEDcmtgClbrtIntrfc
28,9515ASTCLDRKENE,FactoryTalkAssetCentreCalibrationManagementDruckDcmtgClbrtIntrfc
28,9515ASTCLTMNENE,FactoryTalkAssetCentreCalibrationManagementTrnsmtnDcmtgClbrtIntrfc
29,9515-RSMSVRENE,RSMACCServer(includes10RSMACCClientactivations)
29,9515-RSMCLT010EN,RSMACCClientactivation10-pack
29,9515-RSEOL016ENE,"RSMACCEnterpriseOnlineConditionMonitor,16XM&2Enwatch"
29,9515-RSEOL024ENE,"RSMACCEnterpriseOnlineConditionMonitor,24XM&4Enwatch"
29,9515-RSEOL40ENE,"RSMACCEnterpriseOnlineConditionMonitor,40XM&6Enwatch"
29,9515-RSEOL56ENE,"RSMACCEnterpriseOnlineConditionMonitor,56XM&8Enwatch"
29,9515-RSEOL74ENE,"RSMACCEnterpriseOnlineConditionMonitor,74XM&10Enwatch"
29,9515-RSEOL000ENE,"RSMACCEnterpriseOnlineConditionMonitor,UnlimitedXM&Enwatch"
29,9309-ENSH000ENF,EmonitorEnterpriseUnlimitedBundle
29,9309-ENSH500ENF,EmonitorEnterprise500Tag
29,9309-ENSHSCLTENF,EmonitorEnterpriseAdditionalSingleUser
29,9309-ESCL500ENF,Enterprise1AdditionalUserLicensePack500Tag
29,9309-ODDX000ENF,EmonitorFactoryUnlimitedTag
29,9309-ODDX500ENF,EmonitorFactory500Tag
29,9309-ODDXKITENF,EmonitorFactoryUnlimitedforEntekKit
29,9309-ODBS000ENE,Emonitor WorkstationUnlimited(node-locked)
29,9309-ODBS500ENE,Emonitor Workstation500Tag(node-locked)
29,9309-ODBSKITENE,EmonitorWorkstationUnlimitedforEntekKit(node-locked)
29,9309-MAXGTWENE,MaximoGatewayforEmonitor(node-locked)
29,9309-MAXGTWENF,MaximoGatewayforEmonitor–Concurrent
29,9309-DATGTWENE,DatastreamGatewayforEmonitor(node-locked)
29,9309-DATGTWENF,DatastreamGatewayforEmonitor–Concurrent
29,9309-XM016ENF,EmonitorXMGatewayupto16XM–Concurrent
29,9309-XM024ENE,EmonitorXMGatewayupto24XM
29,9309-XM024ENF,EmonitorXMGatewayupto24XM–Concurrent
29,9309-XM040ENE,EmonitorXMGatewayupto40XM
29,9309-XM040ENF,EmonitorXMGatewayupto40XM–Concurrent
29,9309-XM056ENE,EmonitorXMGatewayupto56XM
29,9309-XM056ENF,EmonitorXMGatewayupto56XM –Concurrent
29,9309-XM074ENE,EmonitorXMGatewayupto74XM
30,9309-XM074ENF,EmonitorXMGatewayupto74XM –Concurrent
30,9309-XM000ENE,EmonitorXNGatewayUnlimitedXM
30,9309-XM000ENF,EmonitorXNGatewayUnlimitedXM–Concurrent
30,9309-PDADRVENE,PDADriver10-UserLicensePack
30,9309-PDADRVENF,PDADriver10-UserLicensePack–Concurrent
30,9309-PLNTLN5ENF,PlantLink5-UserLicensePack–Concurrent
30,9309-ENSHCLTENF,EnterpriseAdd3-UserLicensePack
30,9309-ODYCLTENF,FactoryAdd3-UserLicensePack
30,9309-ODYSCLTENF,FactoryAdd1-UserLicensePack
30,9309-ENCL000ENF,EnterpriseUnlimitedUserLicensePack–Concurrent
30,9309-ECL500ENF,Enterprise500Tag3-UserLicensePack–Concurrent
30,9309-FCL500ENF,Factory500Tag3-UserPack–Concurrent
30,9309-FSCL500ENF,Factory500TagSingleUser–Concurrent
30,9309-ASTHLTHENF,EmonitorAssettHealthModule–Concurrent
30,9309-IADSN000ENE,EmonitorIADecision
30,9309-IADSN000ENF,EmonitorIADecision–Concurrent
30,9309-IADSASTENF,EmonitorAssetHealth&IADecisionModule–Concurrent
30,9309-WEBCLTENF,EmonitorWebClient3-UserPack–Concurrent
30,9504-SPECHARTENE,FIELDCAREHARTSoftwareBundle
31,9307-EM8MGRENE,RSEnergyMetrixManager(8meters)withuser-suppliedMSSQL
31,9307-EM64MGRENE,RSEnergyMetrixManager(64meters)withuser-suppliedMSSQL
31,9307-EM10KMGRENE,RSEnergyMetrixManager(10Kmeters)withuser-suppliedMSSQL
31,9307-8MGDBCENE,RSEnergyMetrixManager(8meters)bundledwithMSSQL–1MSSQLClientonly
31,9307-64MGDBCENE,RSEnergyMetrixManager(64meters)bundledwithMSSQL–1MSSQLClientonly
31,9307-10KMGDBCENE,RSEnergyMetrixManager(10Kmeters)bundledwithMSSQL–1MSSQLClientonly
31,9307-8MGDBPENE,RSEnergyMetrixManager(8meters)bundledwithMSSQL–1Processor
31,9307-64MGDBPENE,RSEnergyMetrixManager(64meters)bundledwithMSSQL–1Processor
31,9307-10KMGDBPENE,RSEnergyMetrixManager(10Kmeters)bundledwithMSSQL–1Processor
31,9307-EMRTENE,RSEnergyMetrixReal-TimeOption
31,9307-EMCHTENE,RSEnergyMetrixChartsPlusOption
31,9307-EMRPTENE,RSEnergyMetrixReportsPlusOption
31,9307-EM83PXENE,RSEnergyMetrix3rd-PartyOPC(8meters)Option
31,9307-EM643PXENE,RSEnergyMetrix3rd-PartyOPC(64meters)Option
31,9307-EM10K3PXENE,RSEnergyMetrix3rd-PartyOPC(10Kmeters)Option
31,9307-RSP32LXWENE,RSPower32WorksBundledwithComm.Drivers
31,9307-RSP32WENE,RSPower32Works
31,9307-RSP32LXRENE,RSPower32RuntimeBundledwithComm.Drivers
31,9307-RSP32RENE,RSPower32Runtime
32,9307-RSPPLXWENE,RSPowerPlusWorksBundledwithComm.Drivers
32,9307-RSPPWENE,RSPowerPlusWorks
32,9307-RSPPLXRENE,RSPowerPlusRuntimeBundledwithComm.Drivers
32,9307-RSPPRENE,RSPowerPlusRuntime
34,9358-PLTM2000ENE,FactoryTalkMetricsServerwith1WorkcellLimit
34,9358-PLTM2100ENE,FactoryTalkMetricsServerwith5WorkcellLimit
34,9358-PLTM2200ENE,FactoryTalkMetricsServerwith10WorkcellLimit
34,9358-PLTM2300ENE,FactoryTalkMetricsServerwith25WorkcellLimit
34,9358-PLTM2400ENE,FactoryTalkMetricsServerwith50WorkcellLimit
34,9358-PLTM2500ENE,FactoryTalkMetricsServerwith100WorkcellLimit
34,9358-PLTM2600ENE,FactoryTalkMetricsServerwith200WorkcellLimit
35,9378-FTMLE010ENE,FactoryTalkMetricsLineEditionwith10WorkcellLimit
35,9378-FTMLE025ENE,FactoryTalkMetricsLineEditionwith25WorkcellLimit
35,9378-FTMLE050ENE,FactoryTalkMetricsLineEditionwith50WorkcellLimit
35,9378-FTMLE100ENE,FactoryTalkMetricsLineEditionwith100WorkcellLimit
35,9378-FTMLE200ENE,FactoryTalkMetricsLineEditionwith200WorkcellLimit
35,9358-PLTMATHENE,FactoryTalkMetricsAuthoringClient
36,9358-BIZ1C0PENE,FactoryTalkMetrics/FactoryTalkHistorianClassic
36,9358-BIZUC0PENE,FactoryTalkMetrics/FactoryTalkHistorianClassicUnlimited-User
36,9358-BIZUC1PENE,FactoryTalkMetrics/FactoryTalkHistorianClassicUnlimited-User
36,9358-BIZUC2PENE,FactoryTalkMetrics/FactoryTalkHistorianClassicUnlimited-User
36,9358-BIZUC4PENE,FactoryTalkMetrics/FactoryTalkHistorianClassicUnlimited-User
36,9507FTPRTSRVENE,FactoryTalkPortalServer(20clients)
37,9701-VWMR250AENE,FactoryTalkViewMachineEditionStationRuntime250Displays–WindowsXP/Windows2000
37,9701-VWMR075AENE,FactoryTalkViewMachineEditionStationRuntime75Displays–WindowsXP/Windows2000
37,9701-VWMR030AENE,FactoryTalkViewMachineEditionStationRuntime30Displays–WindowsXP/Windows2000
37,9701-VWMR015AENE,FactoryTalkMachineEditionStationRuntime15Displays–WindowsXP/Windows2000
37,9701-VWSTENE,FactoryTalkViewStudioforFactoryTalkViewEnterprise(bothSiteEditionandMachineEdition)
37,9701-VWSTMENE,FactoryTalkViewStudioforMachineEdition
37,9701-VWSS000LENE,FactoryTalkViewServerUnlimitedDisplaywithRSLinx
37,9701-VWSS250LENE,FactoryTalkViewSEServer250DisplaywithRSLinx
37,9701-VWSS100LENE,FactoryTalkViewSEServer100DisplaywithRSLinx
37,9701-VWSS025LENE,FactoryTalkViewSEServer25DisplaywithRSLinx
38,9701-VWSCWAENE,FactoryTalkViewSEClient
38,9701-VWSCRAENE,FactoryTalkViewSEViewClient
38,9701-VWSB000AENE,FactoryTalkViewSEStationUnlimitedDisplay
38,9701-VWSB250AENE,FactoryTalkViewSEStation250Display
38,9701-VWSB100AENE,FactoryTalkViewSEStation100Display
38,9701-VWSB025AENE,FactoryTalkViewSEStation25Display
38,9701-VWSB015AENE,FactoryTalkViewSEStation15Display
38,9301-OPCSRVENE,KEPServerEnterprise
39,9301-2SE2500,RSView32Works100K
39,9301-2SE2503,RSView32Works100KwithRSLinxClassicOEM
39,9301-2SE3500,RSView32Runtime100K
39,9301-2SE3503,RSView32Runtime100KwithRSLinxClassicOEM
39,9301-2SE2400,RSView32Works32K
39,9301-2SE2403,RSView32Works32KwithRSLinxClassicOEM
39,9301-2SE3400,RSView32Runtime32K
39,9301-2SE3403,RSView32Runtime32KwithRSLinxClassicOEM
39,9301-2SE2350,RSView32Works5000
39,9301-2SE2353,RSView32Works5000withRSLinxClassicOEM
39,9301-2SE3350,RSView32Runtime5000
39,9301-2SE3353,RSView32Runtime5000withRSLinxClassicOEM
39,9301-2SE2300,RSView32Works1500
39,9301-2SE2303,RSView32Works1500withRSLinxClassicOEM
39,9301-2SE2304,RSView32Works1500withRSLinxClassicSingleNode
39,9301-2SE3300,RSView32Runtime1500
39,9301-2SE3303,RSView32Runtime1500withRSLinxClassicOEM
39,9301-2SE3304,RSView32Runtime1500withRSLinxClassicSingleNode
39,9301-2SE2200,RSView32Works300
39,9301-2SE2203,RSView32Works300withRSLinxClassicOEM
39,9301-2SE2204,RSView32Works300withRSLinxClassicSingleNode
39,9301-2SE3200,RSView32Runtime300
39,9301-2SE3203,RSView32Runtime300withRSLinxClassicOEM
39,9301-2SE3204,RSView32Runtime300withRSLinxClassicSingleNode
39,9301-2SE2100,RSView32Works150
39,9301-2SE2103,RSView32Works150withRSLinxClassicOEM
39,9301-2SE2104,RSView32Works150withRSLinxClassicSingleNode
39,9301-2SE3100,RSView32Runtime150
39,9301-2SE3103,RSView32Runtime150withRSLinxClassicOEM
39,9301-2SE3104,RSView32Runtime150withRSLinxClassicSingleNode
39,9301-2SE2050,RSView32Works75
39,9301-2SE2053,RSView32Works75withRSLinxClassicOEM
39,9301-2SE2054,RSView32Works75withRSLinxClassicSingleNode
39,9301-2SE2055,RSView32Works75withKEPServerEnterprise
39,9301-2SE3050,RSView32Runtime75
39,9301-2SE3053,RSView32Runtime75withRSLinxClassicOEM
39,9301-2SE3054,RSView32Runtime75withRSLinxClassicSingleNode
39,9301-2SE3055,RSView32Runtime75withKEPServerEnterprise
40,9301MSGRPROENE,RSView32MessengerPro
40,9305ADSGWENE,RSView32ActiveDisplayServerwithFactoryTalkGateway
40,9305RSVADSENE,RSView32ActiveDisplayServer(English)
40,9305RSVADDCENE,RSView32ActiveDisplayDedicatedClient(English)
40,9305RSVADFCENE,RSView32ActiveDisplayFloatingClient(English)
40,9305RSVADFVCENE,RSView32ActiveDisplayFloatingViewClient(English)
40,9301RSVWSENE,RSView32WebServer
